date,state,district,crop,rainfall,temperature,humidity,soil_moisture,yield,production,area,fertilizer,irrigation
2022-09-08,Maharashtra,Pune,Maize,117.9,27.4,77.1,50,320,305,63.4,117.2,60.3
2023-10-28,Karnataka,Shimoga,Cotton,96.1,28.5,52.6,43.8,335,295,121.8,151.8,46.7
2022-04-05,Punjab,Jalandhar,Rice,70.4,27.4,50.8,38.7,362,406,106.2,236.8,34.7
2023-08-15,Gujarat,Bhavnagar,Pulses,112.7,27.3,57.1,50,416,505,439.9,144.6,57.2
2022-12-30,Andhra Pradesh,Vijayawada,Pulses,20.5,37.4,36.7,26.6,319,256,378.1,107.8,52.8
2022-08-23,Punjab,Jalandhar,Wheat,219.7,25.2,79.2,50,453,426,373.1,116.1,60.0
2022-05-23,Rajasthan,Jodhpur,Maize,59.7,26.6,56.8,43.9,375,352,148.7,249.6,60.6
2022-06-06,Maharashtra,Pune,Rice,186.7,25.4,78.8,50,499,747,288.1,245.1,81.6
2023-10-19,Karnataka,Bangalore,Maize,67.2,25.6,48.8,34.4,360,407,487.3,209.5,60.5
2022-06-06,Maharashtra,Nashik,Cotton,143.6,29.6,59.8,50,359,287,269.9,99.0,51.8
2022-09-04,Gujarat,Surat,Wheat,229.3,22.7,83.4,50,390,412,394.6,101.8,58.5
2022-08-05,Tamil Nadu,Salem,Groundnut,237.9,27.5,77.7,50,427,471,218.0,232.9,57.1
2022-12-13,Punjab,Amritsar,Rice,11.1,33.9,43.8,23.0,401,337,80.3,85.3,49.8
2022-08-08,Punjab,Jalandhar,Soybean,171.7,29.1,76.7,50,370,364,233.2,96.0,69.5
2023-04-24,Andhra Pradesh,Tirupati,Groundnut,109.1,30.5,41.6,42.8,312,355,410.3,98.6,41.5
2022-07-07,Rajasthan,Jodhpur,Groundnut,127.4,29.4,62.5,50,411,423,72.8,249.9,80.2
2023-02-21,Maharashtra,Nagpur,Sugarcane,34.3,32.0,35.3,21.9,542,1614,169.3,213.3,57.3
2022-06-08,Madhya Pradesh,Ujjain,Soybean,112.3,22.5,61.5,50,314,279,72.6,161.1,85.2
2022-07-10,Tamil Nadu,Coimbatore,Rice,91.6,28.9,57.0,47.0,496,595,310.5,86.8,34.9
2023-11-17,Andhra Pradesh,Guntur,Cotton,97.3,28.0,47.2,44.6,279,200,388.3,92.3,57.5
2023-06-03,Maharashtra,Pune,Cotton,125.1,29.0,83.0,50,297,200,425.2,199.6,66.7
2023-11-11,Karnataka,Shimoga,Maize,48.3,26.6,66.3,50,351,278,176.8,115.8,50.6
2022-09-15,Gujarat,Bhavnagar,Soybean,233.9,22.7,80.4,50,411,289,397.0,188.3,45.7
2023-07-29,Rajasthan,Ajmer,Groundnut,81.6,29.1,57.3,50,349,419,312.1,105.2,37.6
2023-01-02,Gujarat,Vadodara,Wheat,20.5,29.0,36.2,27.6,351,296,329.3,106.3,85.8
2022-01-26,Tamil Nadu,Madurai,Groundnut,19.0,35.8,53.1,33.8,325,371,161.7,107.1,72.1
2022-08-16,Madhya Pradesh,Bhopal,Soybean,113.9,24.8,82.6,50,404,337,347.0,147.7,46.7
2023-10-19,Maharashtra,Nashik,Pulses,80.8,32.4,60.4,46.7,292,358,167.5,178.7,89.0
2022-12-20,Karnataka,Bangalore,Groundnut,46.4,34.1,37.8,29.8,310,324,164.6,200.5,30.1
2022-03-13,Punjab,Jalandhar,Groundnut,115.9,30.2,67.6,50,323,401,278.2,193.4,49.6
2022-07-16,Gujarat,Bhavnagar,Sugarcane,151.5,27.4,83.2,50,700,1405,296.6,80.1,47.2
2023-04-22,Madhya Pradesh,Ujjain,Pulses,75.3,29.1,60.3,50,391,446,346.5,128.2,69.8
2023-11-20,Andhra Pradesh,Visakhapatnam,Cotton,64.8,25.5,64.2,43.7,334,269,395.8,157.4,83.2
2023-02-14,Punjab,Patiala,Soybean,22.2,28.1,46.4,33.7,338,258,241.3,109.9,87.5
2022-05-05,Rajasthan,Jaipur,Cotton,76.5,30.7,64.0,50,300,293,451.1,184.2,73.2
2022-06-12,Madhya Pradesh,Ujjain,Soybean,206.4,24.1,69.2,50,434,503,284.6,186.5,46.5
2022-10-06,Maharashtra,Nashik,Cotton,66.9,24.8,66.8,46.6,275,200,146.3,150.5,49.9
2022-07-31,Rajasthan,Kota,Wheat,221.6,28.2,66.7,50,382,431,309.1,161.1,86.6
2023-07-06,Gujarat,Rajkot,Groundnut,207.1,26.8,71.4,50,388,373,63.1,137.1,70.7
2022-05-11,Madhya Pradesh,Indore,Soybean,118.5,33.1,56.0,50,384,288,242.9,227.4,40.9
2022-08-05,Gujarat,Rajkot,Pulses,157.3,29.0,65.1,50,439,418,425.7,160.0,74.9
2023-10-28,Karnataka,Belgaum,Cotton,45.5,24.4,68.7,43.4,253,233,329.6,120.6,58.4
2023-04-22,Maharashtra,Kolhapur,Cotton,96.0,25.7,63.0,50,323,200,418.7,244.0,36.5
2023-02-11,Karnataka,Belgaum,Groundnut,57.1,33.9,35.0,32.9,301,337,185.7,196.3,78.3
2023-11-09,Karnataka,Belgaum,Groundnut,69.6,27.4,55.2,47.1,372,284,482.4,188.0,79.7
2023-06-19,Tamil Nadu,Tiruchirappalli,Sugarcane,244.1,28.5,63.1,50,700,1744,379.0,125.6,81.1
2022-09-07,Maharashtra,Nashik,Soybean,207.6,27.3,72.1,50,419,375,269.4,140.3,45.5
2023-07-24,Gujarat,Bhavnagar,Maize,81.7,22.7,83.4,50,343,396,360.8,189.8,59.4
2022-08-15,Karnataka,Bangalore,Maize,148.7,27.3,62.3,50,390,353,498.5,173.6,51.1
2022-09-15,Rajasthan,Udaipur,Maize,119.2,24.5,76.6,50,416,463,136.2,205.6,46.6
2022-10-31,Gujarat,Ahmedabad,Cotton,58.2,24.1,45.4,36.3,261,258,299.0,198.6,37.6
2023-08-11,Rajasthan,Jaipur,Wheat,128.3,24.7,69.4,50,354,395,101.3,91.1,59.5
2023-07-31,Karnataka,Mysore,Sugarcane,241.4,24.0,57.6,50,700,1906,328.3,211.9,52.8
2022-11-09,Rajasthan,Udaipur,Groundnut,85.5,33.6,41.8,33.9,375,403,169.1,93.8,44.4
2023-02-23,Maharashtra,Nagpur,Wheat,32.5,30.9,44.8,29.1,343,350,254.3,196.9,85.4
2023-07-12,Punjab,Patiala,Rice,118.2,24.1,59.5,49.9,402,545,317.8,220.1,85.3
2023-12-07,Rajasthan,Jaipur,Soybean,25.2,30.7,40.1,28.2,303,321,450.2,204.9,66.2
2023-11-22,Karnataka,Bangalore,Cotton,106.9,33.5,57.3,50,320,203,68.1,208.6,58.2
2023-08-23,Rajasthan,Udaipur,Sugarcane,154.1,29.8,79.4,50,690,1367,97.1,107.3,54.7
2023-07-18,Rajasthan,Udaipur,Groundnut,86.2,24.0,57.6,43.6,377,460,421.2,80.2,82.2
2022-07-12,Rajasthan,Kota,Wheat,168.1,26.0,73.7,50,358,272,109.0,129.0,82.9
2023-10-08,Rajasthan,Jaipur,Wheat,88.7,25.6,47.2,42.1,359,235,496.5,235.2,57.7
2022-10-26,Maharashtra,Nagpur,Soybean,80.7,32.3,48.2,45.8,315,325,222.6,236.7,60.5
2023-03-01,Tamil Nadu,Coimbatore,Maize,67.2,26.7,63.6,43.3,360,433,311.0,192.2,81.9
2022-12-20,Rajasthan,Ajmer,Soybean,26.6,31.8,49.1,37.8,352,454,157.5,145.1,81.4
2023-04-30,Madhya Pradesh,Bhopal,Pulses,96.4,27.9,64.3,50,388,500,272.9,86.3,60.1
2022-04-13,Andhra Pradesh,Visakhapatnam,Soybean,82.1,31.2,53.7,43.6,361,286,261.3,244.8,50.3
2023-11-22,Madhya Pradesh,Bhopal,Pulses,108.7,27.2,51.4,49.3,389,476,66.2,91.6,67.9
2023-03-21,Gujarat,Surat,Rice,118.3,31.0,62.8,50,416,420,63.0,135.1,33.4
2022-05-30,Andhra Pradesh,Guntur,Groundnut,59.5,30.8,52.4,37.2,295,314,222.1,196.1,59.9
2023-10-16,Tamil Nadu,Madurai,Soybean,60.3,24.1,47.7,40.7,375,415,121.1,155.1,50.7
2023-04-13,Gujarat,Rajkot,Maize,107.6,27.8,46.0,43.6,331,345,308.7,248.8,47.7
2023-08-03,Madhya Pradesh,Jabalpur,Wheat,227.1,29.8,78.3,50,443,487,456.3,211.9,43.8
2023-09-28,Andhra Pradesh,Vijayawada,Cotton,122.6,28.1,77.7,50,273,200,332.4,86.7,77.3
2022-05-15,Karnataka,Shimoga,Pulses,47.2,31.5,48.9,33.2,283,290,487.2,170.2,84.8
2022-10-30,Tamil Nadu,Salem,Soybean,99.7,25.2,50.2,49.7,315,403,437.1,203.1,88.8
2022-01-15,Andhra Pradesh,Visakhapatnam,Groundnut,23.2,31.7,33.1,25.8,283,263,337.3,143.2,70.5
2023-09-17,Rajasthan,Jaipur,Pulses,117.6,28.6,56.9,50,344,325,112.9,240.9,48.3
2022-08-29,Rajasthan,Jaipur,Rice,230.8,25.6,59.1,50,581,850,238.6,206.2,39.3
2023-09-23,Madhya Pradesh,Bhopal,Soybean,149.4,22.3,83.5,50,378,480,435.0,96.9,71.1
2022-10-10,Andhra Pradesh,Visakhapatnam,Groundnut,55.2,32.5,43.7,34.0,346,375,318.7,83.6,77.2
2022-03-12,Punjab,Amritsar,Cotton,106.4,29.9,56.6,50,276,245,404.9,181.3,46.6
2022-06-28,Tamil Nadu,Madurai,Maize,98.7,23.1,81.0,50,386,407,57.1,125.1,37.6
2022-03-07,Madhya Pradesh,Ujjain,Rice,78.1,29.1,63.3,45.8,428,626,69.5,213.1,82.0
2022-03-04,Gujarat,Rajkot,Wheat,119.9,28.3,65.4,50,387,335,454.7,134.8,38.9
2023-01-26,Tamil Nadu,Salem,Pulses,59.7,32.5,43.3,36.0,287,322,433.8,190.7,76.1
2022-08-22,Punjab,Patiala,Soybean,150.3,25.2,79.8,50,365,324,164.7,242.1,71.2
2022-03-29,Rajasthan,Jaipur,Rice,47.5,31.4,42.9,36.0,410,496,302.7,136.0,37.3
2022-10-22,Andhra Pradesh,Tirupati,Wheat,88.0,29.8,50.5,40.6,367,270,98.7,223.7,52.1
2023-03-16,Gujarat,Bhavnagar,Cotton,107.6,32.2,69.2,50,317,200,468.1,221.0,46.0
2022-12-14,Tamil Nadu,Salem,Maize,27.6,29.4,34.5,26.4,264,302,487.3,95.6,61.8
2022-12-16,Madhya Pradesh,Gwalior,Soybean,17.9,31.2,37.8,29.8,316,389,120.0,208.3,33.0
2023-11-09,Maharashtra,Nashik,Soybean,73.9,28.1,58.2,43.2,341,309,99.9,195.3,65.6
2023-02-09,Gujarat,Ahmedabad,Cotton,59.2,30.0,31.4,32.2,310,273,180.3,100.4,59.8
2023-01-25,Madhya Pradesh,Indore,Sugarcane,36.6,33.6,35.8,28.7,541,1134,383.9,154.2,57.6
2023-08-11,Maharashtra,Nashik,Groundnut,148.8,24.3,74.2,50,436,350,476.4,158.2,71.4
2022-04-19,Andhra Pradesh,Visakhapatnam,Groundnut,59.5,29.2,57.7,42.5,310,280,199.9,108.6,60.6
2022-12-24,Maharashtra,Kolhapur,Cotton,27.6,34.5,54.0,33.0,231,200,128.1,106.0,75.5
2023-04-21,Maharashtra,Nagpur,Soybean,100.4,28.5,62.8,50,362,391,331.0,226.9,67.6
2023-04-26,Tamil Nadu,Tiruchirappalli,Rice,75.4,26.7,49.1,36.3,426,433,253.4,89.7,79.9
2023-04-19,Maharashtra,Pune,Groundnut,86.4,31.4,68.6,49.5,392,409,134.7,182.9,60.1
2022-12-18,Karnataka,Gulbarga,Rice,59.1,34.5,32.1,23.5,439,656,285.8,183.7,51.8
2022-12-13,Gujarat,Rajkot,Groundnut,43.9,34.3,31.3,23.7,303,314,224.0,122.8,81.1
2023-08-20,Tamil Nadu,Salem,Rice,192.8,24.5,82.5,50,540,481,369.0,94.4,63.5
2023-10-24,Andhra Pradesh,Vijayawada,Rice,93.6,24.2,55.3,45.3,499,519,394.8,112.6,90.0
2022-04-14,Tamil Nadu,Coimbatore,Maize,80.6,31.4,56.2,46.1,361,443,328.1,181.5,39.3
2023-03-25,Tamil Nadu,Madras,Sugarcane,43.5,31.2,50.9,41.8,590,1551,402.7,119.8,44.4
2023-11-26,Rajasthan,Jodhpur,Pulses,115.8,28.6,69.5,50,351,357,484.8,218.9,78.1
2023-10-19,Tamil Nadu,Salem,Wheat,78.4,33.3,51.1,44.5,350,236,87.7,107.3,57.0
2022-08-16,Tamil Nadu,Tiruchirappalli,Rice,218.8,29.4,81.5,50,527,560,223.8,93.9,43.5
2022-05-30,Andhra Pradesh,Visakhapatnam,Pulses,51.0,32.3,48.6,38.8,286,321,251.9,80.9,34.8
2023-07-16,Gujarat,Surat,Sugarcane,239.8,25.4,73.3,50,700,1289,157.3,188.6,67.4
2023-09-04,Maharashtra,Pune,Soybean,171.1,26.6,74.0,50,375,263,208.8,177.0,41.2
2022-03-11,Maharashtra,Kolhapur,Pulses,116.3,31.9,56.3,50,312,382,69.6,145.8,52.4
2022-12-20,Karnataka,Belgaum,Rice,22.1,29.0,46.4,32.0,416,372,208.5,137.6,68.6
2022-05-19,Rajasthan,Kota,Sugarcane,45.0,28.6,63.3,42.7,501,901,68.9,238.7,60.9
2023-10-25,Rajasthan,Udaipur,Wheat,55.3,31.8,50.7,42.4,324,219,215.6,231.2,74.6
2023-05-24,Madhya Pradesh,Jabalpur,Sugarcane,95.4,32.0,51.0,42.6,568,1214,243.8,249.2,40.8
2022-03-23,Gujarat,Vadodara,Rice,66.2,28.5,48.9,41.4,375,417,251.2,203.6,84.7
2022-03-18,Madhya Pradesh,Jabalpur,Wheat,93.7,29.1,52.2,47.9,330,204,431.9,195.3,56.3
2023-10-23,Tamil Nadu,Coimbatore,Cotton,69.3,29.7,51.5,42.3,306,298,217.4,209.7,64.4
2023-10-28,Andhra Pradesh,Tirupati,Pulses,62.3,24.3,68.8,47.5,334,417,103.0,211.7,72.2
2023-12-12,Punjab,Bathinda,Maize,55.8,29.2,42.3,37.3,323,400,250.3,94.9,70.9
2023-07-18,Andhra Pradesh,Guntur,Rice,172.2,28.8,81.7,50,558,695,407.2,166.5,37.3
2023-05-21,Punjab,Amritsar,Cotton,42.1,27.7,56.6,43.3,282,227,88.8,132.6,90.0
2023-02-24,Rajasthan,Ajmer,Groundnut,51.2,37.7,31.8,28.2,320,355,205.0,229.3,76.8
2023-05-30,Tamil Nadu,Madurai,Groundnut,112.9,25.2,41.7,38.5,326,291,369.2,138.8,86.5
2022-07-21,Gujarat,Ahmedabad,Maize,188.0,23.0,71.5,50,411,412,125.9,240.1,39.3
2022-01-30,Andhra Pradesh,Kurnool,Wheat,14.1,35.7,53.7,32.0,294,277,328.1,85.1,83.3
2022-09-08,Gujarat,Vadodara,Soybean,216.8,24.4,75.5,50,377,363,267.9,114.7,66.4
2023-02-13,Andhra Pradesh,Guntur,Pulses,16.5,33.6,39.3,24.2,301,259,161.6,96.5,47.4
2022-09-12,Madhya Pradesh,Ujjain,Groundnut,243.7,28.5,82.1,50,466,379,121.7,249.3,58.0
2022-04-03,Gujarat,Rajkot,Wheat,115.6,33.7,55.2,47.6,356,224,272.7,230.0,69.3
2022-04-21,Rajasthan,Udaipur,Wheat,74.5,31.3,66.5,50,337,283,306.6,113.1,63.2
2023-07-18,Maharashtra,Aurangabad,Soybean,127.6,27.4,84.7,50,424,397,407.7,137.6,86.3
2023-05-28,Tamil Nadu,Madurai,Groundnut,43.2,31.1,41.2,34.2,323,255,451.9,103.8,85.9
2023-09-24,Andhra Pradesh,Vijayawada,Groundnut,205.7,24.7,64.0,50,422,475,184.9,218.7,52.1
2023-12-06,Maharashtra,Aurangabad,Maize,41.5,30.7,44.9,34.7,372,390,152.4,88.7,58.8
2022-02-02,Madhya Pradesh,Indore,Cotton,38.6,29.9,47.5,33.7,267,200,141.8,165.3,66.7
2023-06-16,Rajasthan,Jaipur,Sugarcane,115.2,27.3,64.8,50,628,1105,460.5,138.2,51.3
2022-07-16,Gujarat,Bhavnagar,Soybean,242.7,24.4,63.4,50,494,574,367.2,197.3,59.3
2022-10-22,Rajasthan,Udaipur,Maize,49.7,27.8,60.3,48.4,360,458,412.1,129.4,47.3
2023-11-03,Maharashtra,Nashik,Soybean,60.5,26.0,54.4,42.1,379,424,111.8,184.7,65.2
2023-10-16,Punjab,Ludhiana,Cotton,58.6,27.3,43.0,34.3,302,200,484.0,246.2,39.5
2022-10-22,Rajasthan,Kota,Cotton,65.7,33.1,59.4,41.4,294,226,375.4,239.2,84.8
2022-02-07,Tamil Nadu,Tiruchirappalli,Sugarcane,59.9,33.0,39.9,37.3,666,1924,444.5,81.6,64.1
2023-04-11,Maharashtra,Nashik,Maize,119.1,28.9,56.3,50,405,397,136.8,99.1,39.7
2022-01-15,Rajasthan,Udaipur,Sugarcane,46.8,33.7,49.8,39.5,524,1459,453.7,220.6,60.9
2022-07-09,Maharashtra,Aurangabad,Rice,246.9,29.5,69.3,50,547,609,170.1,136.0,64.9
2023-12-11,Karnataka,Belgaum,Pulses,21.8,32.7,46.7,27.9,329,413,449.5,210.9,71.4
2022-08-13,Gujarat,Vadodara,Cotton,242.8,25.6,69.3,50,344,293,460.8,208.7,78.1
2023-06-23,Punjab,Amritsar,Rice,155.9,22.6,76.1,50,433,512,277.5,177.4,39.0
2022-04-30,Andhra Pradesh,Kurnool,Soybean,94.4,28.9,61.5,50,346,254,109.4,150.6,63.8
2023-02-10,Rajasthan,Udaipur,Wheat,22.7,30.2,30.1,17.2,315,321,293.5,90.2,83.7
2023-02-23,Rajasthan,Jaipur,Maize,19.0,34.4,33.4,25.2,357,330,451.1,156.3,85.0
2023-12-01,Madhya Pradesh,Gwalior,Rice,58.2,29.3,51.9,43.5,362,541,226.9,101.6,88.7
2023-04-20,Karnataka,Bangalore,Maize,93.9,29.3,56.3,50,324,294,174.0,239.4,73.5
2023-09-22,Maharashtra,Pune,Groundnut,210.2,22.1,81.5,50,377,271,319.0,199.6,32.9
2022-08-28,Karnataka,Gulbarga,Soybean,171.8,28.2,77.6,50,452,380,462.4,177.9,64.6
2022-05-27,Andhra Pradesh,Vijayawada,Maize,118.9,28.1,55.6,48.9,373,394,380.8,109.8,70.7
2023-10-21,Rajasthan,Jaipur,Pulses,93.7,27.2,63.6,50,313,290,389.5,160.5,81.0
2022-03-01,Gujarat,Surat,Soybean,85.0,29.6,69.0,50,318,261,341.0,236.8,80.8
2022-02-22,Maharashtra,Kolhapur,Cotton,23.4,34.0,46.8,35.3,238,210,375.9,175.0,58.8
2022-08-05,Andhra Pradesh,Guntur,Wheat,239.3,22.9,83.9,50,428,319,322.0,114.8,84.9
2023-04-23,Andhra Pradesh,Guntur,Groundnut,82.7,26.6,50.8,43.0,344,261,491.6,159.8,80.4
2023-02-28,Punjab,Jalandhar,Pulses,12.3,35.4,51.6,28.0,308,324,374.0,130.2,41.8
2023-05-27,Punjab,Patiala,Cotton,84.1,27.4,68.3,50,293,253,382.8,158.3,74.0
2023-07-14,Andhra Pradesh,Vijayawada,Sugarcane,163.0,26.3,82.5,50,645,1000,431.0,240.7,70.1
2023-10-08,Karnataka,Gulbarga,Sugarcane,58.5,24.1,61.2,45.6,570,1383,350.0,184.8,59.0
2023-06-29,Rajasthan,Jaipur,Wheat,173.8,26.2,55.4,50,435,265,415.9,194.6,78.4
2023-06-21,Tamil Nadu,Coimbatore,Rice,105.3,26.2,60.8,50,419,452,217.9,149.0,63.9
2023-11-01,Punjab,Jalandhar,Rice,119.3,24.3,59.5,50,444,503,336.5,199.5,35.0
2023-06-25,Madhya Pradesh,Jabalpur,Rice,236.3,29.2,61.9,50,563,557,465.9,196.4,46.8
2022-01-17,Karnataka,Mysore,Pulses,58.1,35.5,44.7,37.7,319,238,123.1,120.9,80.1
2023-01-29,Madhya Pradesh,Ujjain,Pulses,47.8,37.9,33.5,29.5,324,416,74.2,154.3,80.3
2022-12-01,Andhra Pradesh,Kurnool,Groundnut,11.5,37.9,36.8,23.7,286,362,244.3,195.5,69.6
2022-09-10,Maharashtra,Kolhapur,Maize,201.2,23.2,57.5,50,430,492,192.5,98.1,30.3
2022-10-04,Gujarat,Rajkot,Pulses,48.2,28.3,42.6,33.4,325,248,90.3,174.2,65.8
2022-10-26,Andhra Pradesh,Tirupati,Wheat,73.1,31.2,63.4,49.6,386,288,284.5,196.5,40.2
2023-05-20,Gujarat,Vadodara,Maize,51.7,26.8,45.0,32.8,357,327,474.9,202.6,59.7
2022-05-19,Punjab,Patiala,Rice,64.4,27.3,68.5,50,456,470,200.6,218.6,81.6
2023-09-10,Tamil Nadu,Salem,Pulses,241.0,24.5,61.0,50,491,430,362.7,163.5,64.6
2022-10-15,Punjab,Jalandhar,Groundnut,105.3,25.1,51.8,47.5,368,378,356.8,173.5,87.2
2022-10-26,Rajasthan,Jodhpur,Soybean,106.5,32.5,42.1,44.2,378,296,186.3,123.0,39.2
2023-04-05,Madhya Pradesh,Gwalior,Rice,119.3,28.0,54.4,50,515,661,294.6,214.4,51.6
2023-11-05,Maharashtra,Pune,Cotton,93.2,30.1,45.0,41.6,312,257,485.1,136.4,77.8
2022-09-22,Maharashtra,Pune,Rice,117.7,26.5,77.4,50,423,449,258.4,195.5,71.4
2023-05-10,Tamil Nadu,Salem,Wheat,48.4,33.6,52.5,34.9,369,253,190.4,157.4,42.4
2022-04-10,Rajasthan,Udaipur,Soybean,75.1,27.2,60.9,45.8,374,288,432.1,190.2,70.6
2023-07-20,Tamil Nadu,Madurai,Sugarcane,107.2,29.7,71.8,50,633,1125,338.2,153.5,31.8
2023-02-03,Punjab,Patiala,Groundnut,10.2,30.8,35.4,24.8,334,350,409.8,171.3,51.9
2022-09-26,Punjab,Patiala,Rice,194.0,29.7,69.7,50,506,544,101.4,139.8,57.5
2023-11-20,Tamil Nadu,Salem,Rice,50.7,27.1,43.5,30.5,431,499,238.2,103.4,53.0
2023-07-23,Tamil Nadu,Tiruchirappalli,Sugarcane,108.4,23.5,63.7,50,669,1872,478.3,162.4,41.7
2023-02-23,Madhya Pradesh,Ujjain,Soybean,44.2,36.4,40.4,30.8,276,200,392.5,129.7,46.5
2023-08-03,Gujarat,Surat,Soybean,206.2,26.4,78.0,50,376,438,420.5,142.4,79.4
2023-03-12,Karnataka,Gulbarga,Cotton,48.2,31.5,64.9,44.1,329,238,206.9,218.8,56.3
2023-08-26,Maharashtra,Nagpur,Cotton,197.2,26.9,80.8,50,350,312,416.1,216.9,64.2
2022-11-28,Gujarat,Bhavnagar,Sugarcane,118.3,29.7,48.8,50,664,1893,416.8,103.1,75.0
2023-11-03,Madhya Pradesh,Bhopal,Maize,50.2,26.5,66.0,49.2,361,418,354.3,163.2,64.6
2023-04-08,Gujarat,Rajkot,Groundnut,46.0,31.7,63.8,44.2,350,391,444.8,157.3,59.3
2023-10-13,Karnataka,Bangalore,Soybean,93.1,24.6,50.7,44.7,320,306,145.3,125.7,79.7
2023-08-03,Andhra Pradesh,Kurnool,Sugarcane,224.9,29.2,78.6,50,700,1749,426.5,82.8,85.8
2022-01-01,Tamil Nadu,Tiruchirappalli,Soybean,59.6,38.0,40.7,37.5,373,329,443.5,229.0,35.6
2023-01-16,Andhra Pradesh,Guntur,Rice,43.2,28.5,46.2,35.5,429,570,243.2,95.5,35.7
2022-05-16,Punjab,Patiala,Rice,87.5,28.5,55.6,41.6,415,367,437.2,198.0,58.7
2022-04-15,Punjab,Patiala,Rice,48.3,27.0,51.0,36.7,444,627,338.7,195.1,34.1
2023-03-27,Karnataka,Shimoga,Sugarcane,68.1,31.5,46.4,42.3,620,1341,147.8,232.4,38.4
2022-12-26,Maharashtra,Kolhapur,Groundnut,58.2,29.4,37.9,29.2,284,293,320.0,183.3,76.7
2023-06-15,Karnataka,Belgaum,Cotton,183.2,25.1,60.7,50,362,325,157.7,145.6,44.5
2023-01-05,Maharashtra,Kolhapur,Wheat,56.7,36.6,33.3,29.2,328,331,393.2,242.3,76.2
2022-01-15,Karnataka,Shimoga,Rice,23.1,28.6,31.0,25.0,384,476,275.5,150.6,72.1
2022-10-12,Maharashtra,Kolhapur,Sugarcane,46.7,33.2,42.4,37.2,521,1037,313.9,209.7,69.0
2022-09-02,Maharashtra,Nashik,Groundnut,89.8,25.5,57.6,47.6,361,320,383.8,205.9,37.2
2023-05-24,Tamil Nadu,Coimbatore,Sugarcane,116.2,31.8,55.7,50,606,1024,401.5,125.7,83.2
2022-10-06,Karnataka,Belgaum,Groundnut,81.9,33.8,47.9,42.3,344,346,74.9,226.1,40.0
2023-08-11,Tamil Nadu,Salem,Rice,194.6,27.9,58.5,50,567,458,70.7,141.9,85.2
2022-08-18,Tamil Nadu,Coimbatore,Groundnut,134.7,27.8,67.5,50,329,304,275.9,233.3,40.8
2023-04-22,Karnataka,Gulbarga,Rice,109.3,27.1,63.2,50,447,473,181.2,213.4,74.4
2023-08-29,Punjab,Patiala,Pulses,245.2,28.2,84.9,50,447,526,117.8,238.5,31.4
2022-01-02,Andhra Pradesh,Visakhapatnam,Pulses,47.9,35.4,39.4,28.9,291,375,238.9,243.4,88.4
2022-02-14,Tamil Nadu,Salem,Rice,56.1,33.2,52.4,41.9,393,583,88.2,96.2,38.0
2023-03-22,Madhya Pradesh,Bhopal,Wheat,93.0,26.9,43.9,43.8,391,327,424.4,135.5,57.2
2022-05-20,Punjab,Ludhiana,Cotton,102.4,25.6,57.5,46.5,298,210,291.2,244.0,42.5
2022-05-03,Gujarat,Rajkot,Maize,47.2,27.0,64.2,47.6,335,278,435.5,105.2,72.7
2023-11-25,Andhra Pradesh,Tirupati,Wheat,63.9,25.7,64.6,50,370,345,297.6,96.1,36.1
2022-03-05,Tamil Nadu,Coimbatore,Wheat,106.4,25.3,69.5,50,353,345,340.1,179.0,45.5
2022-07-22,Maharashtra,Pune,Rice,233.4,23.0,68.3,50,595,614,69.2,158.4,40.1
2022-01-31,Madhya Pradesh,Gwalior,Soybean,29.1,31.5,40.7,32.9,288,279,116.9,184.4,67.0
2023-07-18,Gujarat,Rajkot,Groundnut,161.4,25.1,57.6,50,408,481,162.1,249.0,62.6
2023-05-07,Karnataka,Gulbarga,Pulses,83.6,33.1,54.5,45.3,333,269,193.5,117.2,83.7
2023-06-27,Gujarat,Ahmedabad,Soybean,140.8,23.9,72.5,50,352,297,290.2,214.5,74.2
2022-12-30,Punjab,Bathinda,Groundnut,56.8,29.7,54.8,38.8,309,353,211.5,180.6,72.2
2023-07-31,Andhra Pradesh,Kurnool,Sugarcane,241.2,28.5,80.1,50,700,1439,67.1,89.5,66.1
2022-01-01,Karnataka,Shimoga,Soybean,26.6,36.1,45.4,29.6,275,325,440.7,90.1,38.9
2022-03-16,Tamil Nadu,Coimbatore,Pulses,69.9,28.0,68.3,47.5,315,246,120.9,241.3,77.5
2023-12-26,Rajasthan,Udaipur,Sugarcane,58.4,37.3,47.3,40.0,546,1301,128.9,132.2,71.3
2023-12-20,Tamil Nadu,Madurai,Wheat,57.4,37.9,39.8,37.1,301,289,464.5,244.5,43.3
2022-12-06,Maharashtra,Aurangabad,Sugarcane,47.3,37.8,35.9,25.3,638,1042,369.0,188.6,83.2
2022-08-03,Rajasthan,Jaipur,Maize,122.4,24.1,57.0,48.6,314,293,379.7,244.7,83.1
2023-07-14,Rajasthan,Kota,Pulses,143.8,28.3,79.9,50,410,342,253.1,215.9,32.0
2022-04-18,Karnataka,Belgaum,Maize,45.9,27.8,45.1,36.3,328,406,91.9,181.0,66.8
2023-11-01,Rajasthan,Jaipur,Groundnut,53.2,25.6,66.7,44.0,295,240,363.7,202.7,73.8
2022-09-01,Gujarat,Vadodara,Maize,96.3,26.4,66.8,50,304,213,89.4,220.1,67.5
2022-01-27,Rajasthan,Jodhpur,Rice,20.3,37.8,46.0,30.4,331,447,261.9,232.1,45.9
2023-01-26,Madhya Pradesh,Indore,Pulses,28.5,30.6,41.1,28.6,282,243,77.7,207.9,70.0
2023-08-27,Maharashtra,Nashik,Groundnut,118.7,25.1,56.8,50,417,464,471.4,177.4,44.1
2022-02-05,Gujarat,Ahmedabad,Groundnut,35.1,36.0,52.5,38.5,329,254,390.7,109.4,89.1
2022-02-13,Punjab,Amritsar,Sugarcane,31.2,32.4,54.7,42.5,578,1590,166.0,234.8,84.9
2023-07-24,Maharashtra,Pune,Groundnut,147.6,24.2,64.8,50,425,498,330.4,168.8,55.2
2023-08-04,Madhya Pradesh,Indore,Sugarcane,179.9,29.5,77.8,50,700,1232,178.7,171.1,50.6
2023-11-02,Madhya Pradesh,Jabalpur,Groundnut,78.8,24.4,58.3,44.6,303,323,362.1,86.6,83.4
2023-05-02,Andhra Pradesh,Vijayawada,Wheat,113.7,24.2,66.9,50,351,270,271.2,198.4,35.9
2023-03-30,Punjab,Amritsar,Maize,101.9,31.3,49.6,46.1,311,300,461.0,149.2,59.1
2022-03-09,Andhra Pradesh,Visakhapatnam,Sugarcane,64.9,25.4,55.2,46.4,659,1017,136.7,221.6,80.2
2022-02-21,Punjab,Ludhiana,Soybean,55.9,30.7,47.6,40.2,329,356,105.7,85.2,52.3
2023-08-24,Rajasthan,Jodhpur,Soybean,173.7,28.7,65.3,50,436,329,62.4,88.4,81.2
2023-11-25,Punjab,Amritsar,Cotton,56.5,29.1,59.5,47.8,329,277,263.3,102.5,40.4
2023-09-15,Karnataka,Mysore,Maize,216.9,29.7,64.2,50,417,386,206.9,122.8,58.0
2022-01-08,Madhya Pradesh,Ujjain,Rice,35.6,36.4,46.6,32.0,413,506,184.3,98.4,33.8
2022-09-25,Gujarat,Vadodara,Maize,191.5,27.2,83.6,50,412,348,75.5,225.7,78.6
2022-01-27,Madhya Pradesh,Jabalpur,Sugarcane,42.8,30.6,54.9,38.5,553,859,368.6,177.2,41.4
2023-11-19,Punjab,Bathinda,Soybean,68.7,25.7,49.0,41.3,343,301,261.9,206.0,73.5
2022-08-16,Tamil Nadu,Salem,Rice,140.4,24.5,77.3,50,455,447,182.3,224.7,58.2
2023-05-28,Maharashtra,Aurangabad,Cotton,49.6,29.3,60.4,42.8,317,200,496.6,138.3,89.2
2022-07-04,Rajasthan,Jodhpur,Pulses,212.4,27.0,69.6,50,437,307,173.1,209.4,40.1
2022-05-13,Tamil Nadu,Tiruchirappalli,Rice,89.2,28.0,59.0,50,421,348,139.7,143.4,30.8
2022-01-19,Andhra Pradesh,Kurnool,Cotton,43.8,30.5,45.7,35.9,262,200,222.6,180.1,40.0
2023-04-12,Karnataka,Belgaum,Maize,98.2,27.4,57.9,50,408,370,455.6,141.1,41.3
2022-08-18,Madhya Pradesh,Bhopal,Cotton,203.6,27.9,58.9,50,308,210,342.7,86.4,82.6
2023-09-01,Gujarat,Bhavnagar,Wheat,249.1,27.2,74.9,50,450,383,221.1,173.0,58.5
2022-11-05,Tamil Nadu,Madurai,Wheat,73.7,29.2,43.0,38.1,363,309,454.4,167.0,67.1
2023-05-25,Gujarat,Ahmedabad,Rice,55.9,26.6,46.0,36.2,371,479,182.9,86.7,59.8
2022-08-29,Punjab,Patiala,Pulses,80.5,29.3,75.1,50,362,286,90.5,167.0,73.4
2023-04-13,Maharashtra,Nashik,Cotton,119.1,28.6,48.9,43.2,275,200,180.8,216.3,48.8
2022-01-10,Maharashtra,Pune,Wheat,52.6,29.7,46.6,34.4,331,322,445.3,95.8,78.9
2023-02-14,Tamil Nadu,Coimbatore,Groundnut,58.1,31.9,36.8,34.3,363,395,408.6,99.2,71.8
2023-03-03,Karnataka,Mysore,Rice,112.9,29.7,54.5,49.0,470,632,325.1,226.6,82.8
2022-04-26,Tamil Nadu,Tiruchirappalli,Soybean,111.0,24.6,53.2,50,308,376,286.2,206.4,73.4
2023-03-20,Punjab,Jalandhar,Rice,92.9,27.5,47.5,44.2,424,588,301.3,247.9,33.3
2023-05-23,Tamil Nadu,Madras,Soybean,109.6,28.9,42.2,39.2,412,301,150.2,189.4,54.2
2023-03-31,Punjab,Ludhiana,Soybean,104.1,32.6,53.4,47.1,316,316,344.0,97.4,54.7
2023-06-05,Karnataka,Bangalore,Maize,175.6,25.6,74.6,50,436,519,429.9,136.4,76.0
2022-04-27,Rajasthan,Udaipur,Soybean,47.8,24.0,59.8,41.6,338,399,296.5,143.6,36.4
2023-02-24,Tamil Nadu,Tiruchirappalli,Sugarcane,15.3,29.9,45.3,33.8,521,1139,401.6,201.9,36.5
2023-04-07,Madhya Pradesh,Bhopal,Rice,76.6,29.0,57.7,50,362,476,299.0,153.6,65.1
2022-05-12,Tamil Nadu,Madras,Sugarcane,48.3,30.1,59.7,41.3,639,1360,324.0,197.7,44.9
2023-04-09,Madhya Pradesh,Jabalpur,Maize,104.4,30.0,44.1,46.0,359,433,296.5,133.4,74.2
2023-10-02,Punjab,Amritsar,Cotton,97.2,33.2,60.6,47.3,320,316,130.0,172.2,68.2
2023-08-20,Maharashtra,Nashik,Soybean,177.0,25.3,75.0,50,439,383,431.3,217.4,61.4
2022-02-24,Karnataka,Gulbarga,Sugarcane,43.5,35.5,35.0,24.1,538,1009,427.7,197.4,47.7
2022-04-15,Karnataka,Belgaum,Soybean,89.3,29.6,60.3,46.8,365,341,279.9,215.5,71.8
2023-03-03,Karnataka,Gulbarga,Groundnut,116.5,27.1,69.3,50,311,265,329.3,212.8,82.2
2022-07-18,Punjab,Jalandhar,Cotton,130.0,27.5,60.3,50,279,211,219.7,152.8,63.4
2022-01-06,Tamil Nadu,Madurai,Maize,26.5,29.5,47.7,29.1,291,213,469.6,184.7,69.7
2022-03-16,Rajasthan,Ajmer,Pulses,102.7,26.2,49.5,41.9,309,310,237.2,171.3,35.5
2022-12-06,Punjab,Amritsar,Pulses,28.0,35.5,35.5,25.8,366,437,491.5,81.5,70.1
2022-02-10,Rajasthan,Jodhpur,Cotton,44.1,37.2,38.0,33.9,266,205,177.3,234.9,79.3
2023-05-14,Andhra Pradesh,Kurnool,Soybean,43.5,25.9,66.9,46.8,370,296,480.3,171.5,30.4
2023-12-03,Maharashtra,Nagpur,Cotton,31.2,33.4,32.6,26.3,320,284,341.0,239.8,74.8
2022-12-06,Tamil Nadu,Coimbatore,Soybean,11.9,29.8,31.8,18.4,255,304,459.9,149.3,57.1
2022-01-18,Madhya Pradesh,Gwalior,Pulses,29.5,28.1,33.0,26.4,265,304,70.5,224.2,51.5
2023-09-14,Maharashtra,Nashik,Maize,94.7,25.5,78.0,50,369,363,290.1,103.2,53.5
2023-11-25,Gujarat,Surat,Maize,111.0,32.7,69.0,50,412,291,443.6,104.0,32.5
2022-11-09,Madhya Pradesh,Ujjain,Rice,56.8,31.3,62.2,43.0,463,646,114.1,111.3,67.0
2022-07-05,Gujarat,Surat,Rice,194.1,22.4,72.0,50,584,692,340.1,92.4,70.3
2023-08-18,Gujarat,Ahmedabad,Cotton,162.8,23.0,64.9,50,285,231,455.1,134.0,57.0
2023-08-03,Gujarat,Bhavnagar,Sugarcane,176.4,29.7,79.2,50,700,1880,370.5,188.9,46.6
2023-05-07,Andhra Pradesh,Vijayawada,Pulses,77.0,27.1,50.8,42.5,306,326,428.8,226.0,38.4
2022-03-19,Punjab,Jalandhar,Rice,111.4,30.3,65.5,50,464,621,145.7,86.2,45.6
2023-02-06,Rajasthan,Jodhpur,Pulses,21.2,35.3,49.3,30.7,304,306,228.6,165.4,69.8
2023-04-02,Tamil Nadu,Madras,Sugarcane,52.7,29.7,57.0,45.8,527,1369,472.6,86.9,75.7
2023-01-14,Punjab,Ludhiana,Maize,21.7,33.2,46.7,34.2,296,370,446.7,86.8,68.9
2022-09-27,Maharashtra,Kolhapur,Maize,178.4,25.0,72.1,50,412,510,85.0,122.8,88.4
2022-12-28,Punjab,Bathinda,Groundnut,50.9,35.9,38.6,34.7,271,333,248.0,119.1,60.9
2022-07-11,Gujarat,Surat,Sugarcane,106.8,28.5,73.1,50,634,1265,101.0,194.8,58.7
2022-09-07,Tamil Nadu,Tiruchirappalli,Wheat,87.3,23.3,72.2,50,317,299,75.2,123.9,40.8
2023-11-09,Madhya Pradesh,Ujjain,Wheat,105.7,26.2,68.4,50,361,321,148.7,149.8,38.6
2022-06-21,Tamil Nadu,Madras,Maize,203.1,25.6,65.3,50,387,360,98.9,114.4,81.6
2022-07-01,Madhya Pradesh,Indore,Rice,160.9,22.3,73.4,50,494,436,267.0,102.2,66.2
2023-01-15,Karnataka,Gulbarga,Groundnut,53.7,32.3,47.4,40.9,325,377,207.7,216.8,84.5
2022-09-18,Maharashtra,Aurangabad,Sugarcane,161.1,28.9,62.0,50,700,1635,135.1,200.6,77.4
2023-01-20,Maharashtra,Kolhapur,Wheat,42.7,31.2,47.2,33.3,304,301,164.1,225.3,55.4
2023-11-28,Andhra Pradesh,Kurnool,Maize,71.8,29.5,46.1,39.0,303,314,267.7,248.0,64.7
2022-08-24,Madhya Pradesh,Indore,Rice,155.9,23.3,76.0,50,477,495,297.8,198.5,72.4
2022-04-04,Tamil Nadu,Tiruchirappalli,Wheat,105.9,30.0,54.2,44.3,344,283,324.1,203.2,85.8
2023-12-30,Madhya Pradesh,Ujjain,Maize,58.2,35.7,31.4,24.3,329,232,432.8,238.2,61.1
2023-09-22,Punjab,Ludhiana,Cotton,108.8,23.9,56.1,45.0,269,269,400.9,140.0,53.7
2023-12-22,Punjab,Bathinda,Wheat,13.4,30.8,32.3,24.7,350,283,483.5,127.0,66.4
2023-08-12,Punjab,Patiala,Groundnut,80.8,26.0,60.3,48.9,344,311,102.7,167.3,45.5
2023-07-31,Gujarat,Rajkot,Groundnut,162.2,24.7,62.3,50,412,510,437.9,161.9,45.5
2022-11-20,Madhya Pradesh,Indore,Cotton,73.0,29.4,50.6,43.3,266,200,229.5,207.3,50.5
2022-12-29,Tamil Nadu,Tiruchirappalli,Pulses,20.9,29.8,44.3,32.2,355,289,381.7,119.9,44.5
2022-07-27,Gujarat,Surat,Cotton,221.9,24.8,80.1,50,311,200,480.1,163.8,30.4
2023-09-28,Karnataka,Gulbarga,Pulses,133.6,29.0,81.9,50,350,283,393.9,166.9,53.9
2023-05-05,Tamil Nadu,Coimbatore,Groundnut,115.2,27.5,41.0,45.5,394,384,104.2,168.1,48.9
2023-01-24,Karnataka,Bangalore,Cotton,39.1,34.1,38.1,26.3,280,200,262.1,184.2,52.0
2023-03-06,Rajasthan,Kota,Cotton,96.1,32.5,51.2,42.9,266,200,309.2,118.9,36.0
2023-01-26,Gujarat,Surat,Groundnut,19.8,35.4,50.0,32.7,253,241,110.5,231.9,67.8
2022-09-14,Andhra Pradesh,Tirupati,Maize,175.6,25.2,72.0,50,352,418,264.4,187.1,57.0
2023-01-04,Andhra Pradesh,Guntur,Pulses,38.0,30.6,53.3,32.9,276,337,483.4,113.8,64.6
2022-11-29,Tamil Nadu,Salem,Pulses,93.9,31.4,54.6,50,338,295,334.3,104.6,40.1
2022-03-15,Andhra Pradesh,Tirupati,Groundnut,46.3,27.1,50.3,38.7,346,368,228.0,230.9,76.9
2023-02-28,Andhra Pradesh,Kurnool,Soybean,18.4,29.3,51.4,30.9,279,320,387.4,115.8,53.8
2023-07-16,Maharashtra,Pune,Soybean,89.2,26.2,78.1,50,305,327,87.9,238.4,53.4
2023-03-30,Punjab,Amritsar,Maize,90.1,32.4,43.9,35.1,367,446,196.3,160.9,88.5
2022-05-19,Gujarat,Bhavnagar,Soybean,117.6,25.8,60.9,50,380,411,303.8,169.0,68.4
2023-07-07,Gujarat,Vadodara,Soybean,118.6,24.5,57.7,50,328,232,285.5,208.9,38.2
2023-12-06,Gujarat,Rajkot,Wheat,56.1,32.8,53.7,35.7,332,258,154.0,81.2,52.4
2023-02-09,Madhya Pradesh,Ujjain,Groundnut,22.5,34.5,47.9,35.4,278,208,331.4,167.8,78.0
2023-02-27,Gujarat,Vadodara,Maize,19.4,29.4,31.7,18.0,302,293,365.2,163.6,49.2
2022-07-10,Tamil Nadu,Coimbatore,Wheat,245.3,23.0,63.5,50,393,257,56.6,116.9,55.2
2023-12-15,Rajasthan,Udaipur,Soybean,49.6,36.4,38.3,34.9,276,322,82.1,159.9,41.5
2022-05-05,Gujarat,Rajkot,Wheat,118.0,27.8,61.4,50,349,418,139.6,205.0,35.6
2023-11-29,Punjab,Patiala,Groundnut,116.9,25.6,68.1,50,392,404,105.0,161.8,47.9
2022-04-26,Andhra Pradesh,Visakhapatnam,Cotton,58.9,24.2,53.0,43.6,292,204,159.4,244.7,64.9
2023-01-16,Rajasthan,Ajmer,Sugarcane,48.5,33.0,36.2,30.9,552,1631,391.8,90.2,51.3
2022-05-09,Tamil Nadu,Madras,Rice,79.0,29.6,49.5,43.0,408,581,379.9,83.6,52.7
2023-05-12,Tamil Nadu,Salem,Wheat,96.5,29.4,56.8,48.5,364,337,195.7,159.6,82.1
2023-04-06,Tamil Nadu,Coimbatore,Sugarcane,63.7,27.7,47.9,33.3,619,1280,133.5,83.2,81.4
2023-11-06,Punjab,Jalandhar,Rice,117.4,25.9,64.6,50,493,448,177.4,149.7,49.3
2022-02-14,Maharashtra,Kolhapur,Rice,51.8,36.7,33.2,24.7,405,352,307.0,222.2,69.5
2022-08-15,Gujarat,Ahmedabad,Pulses,183.0,29.4,57.1,50,404,498,86.0,216.2,33.6
2023-09-24,Madhya Pradesh,Jabalpur,Wheat,125.2,22.6,56.2,50,408,480,93.7,203.3,61.9
2023-08-07,Punjab,Amritsar,Cotton,186.3,28.0,60.4,50,295,242,211.1,158.0,69.9
2023-07-18,Maharashtra,Nagpur,Sugarcane,148.3,23.3,65.1,50,689,1398,191.8,248.5,49.5
2022-11-28,Andhra Pradesh,Tirupati,Groundnut,88.7,26.1,56.9,50,395,337,482.7,156.1,53.8
2023-06-15,Karnataka,Belgaum,Wheat,103.0,22.1,81.7,50,339,267,397.2,240.4,79.3
2023-04-17,Tamil Nadu,Coimbatore,Wheat,68.5,27.7,44.2,37.6,323,351,91.4,148.0,85.1
2022-06-27,Maharashtra,Nashik,Soybean,163.0,27.6,82.0,50,348,378,66.8,217.4,52.9
2023-03-21,Karnataka,Belgaum,Pulses,73.3,32.7,66.0,47.9,356,378,55.1,212.2,52.9
2022-11-23,Gujarat,Bhavnagar,Wheat,83.2,29.0,44.5,36.4,316,328,226.8,155.8,65.7
2022-10-24,Maharashtra,Nagpur,Groundnut,102.9,27.4,44.4,41.8,384,395,168.2,147.7,56.1
2023-07-27,Tamil Nadu,Madurai,Soybean,113.7,26.6,66.9,50,418,424,159.0,125.3,55.8
2023-03-10,Maharashtra,Pune,Groundnut,69.2,27.4,45.7,39.4,366,293,207.4,219.7,78.2
2022-08-28,Tamil Nadu,Tiruchirappalli,Wheat,113.9,28.1,66.2,50,336,213,477.0,237.5,82.1
2023-12-12,Gujarat,Ahmedabad,Pulses,50.2,32.7,37.6,28.4,352,291,295.9,207.6,62.9
2023-08-20,Tamil Nadu,Coimbatore,Groundnut,234.0,24.0,70.8,50,402,449,172.1,159.0,86.7
2023-11-10,Maharashtra,Aurangabad,Maize,108.2,32.6,59.8,47.3,400,436,154.0,144.7,88.6
2023-09-04,Maharashtra,Nashik,Soybean,170.4,26.0,60.6,50,444,317,161.3,170.0,50.0
2022-12-22,Madhya Pradesh,Indore,Wheat,44.2,31.0,38.9,34.9,370,283,77.9,123.8,53.2
2022-08-19,Karnataka,Shimoga,Maize,105.8,27.3,81.9,50,346,442,325.6,186.3,43.6
2023-03-13,Punjab,Bathinda,Sugarcane,117.6,27.3,67.3,50,614,1049,293.6,216.0,81.8
2023-03-17,Gujarat,Bhavnagar,Sugarcane,119.7,25.5,69.3,50,700,1443,300.8,241.3,37.1
2022-11-23,Andhra Pradesh,Vijayawada,Wheat,110.4,28.1,52.4,47.4,400,455,470.0,126.5,76.7
2022-01-27,Maharashtra,Nagpur,Sugarcane,48.1,30.7,45.3,35.1,535,989,359.3,141.1,71.3
2023-12-31,Rajasthan,Jodhpur,Soybean,42.5,31.9,34.6,26.9,284,237,233.9,244.7,85.5
2022-07-29,Madhya Pradesh,Indore,Cotton,91.2,29.9,82.8,50,295,200,255.9,122.0,54.3
2022-11-17,Karnataka,Shimoga,Groundnut,71.5,29.7,68.2,50,353,396,67.3,98.6,57.4
2022-02-10,Karnataka,Mysore,Groundnut,37.9,34.3,42.9,26.9,295,277,187.0,220.7,57.7
2023-12-08,Madhya Pradesh,Jabalpur,Wheat,35.8,36.3,33.6,25.0,346,231,400.4,239.4,71.8
2022-11-28,Tamil Nadu,Tiruchirappalli,Groundnut,76.1,29.9,45.4,40.8,308,300,162.5,197.6,84.4
2022-04-27,Tamil Nadu,Coimbatore,Rice,96.5,24.9,59.0,50,472,700,325.4,107.2,63.0
2023-08-03,Karnataka,Mysore,Pulses,228.1,23.3,80.9,50,461,337,188.6,204.1,87.7
2022-05-15,Gujarat,Surat,Rice,116.8,31.7,40.1,36.7,458,526,413.4,183.4,59.6
2023-04-10,Punjab,Bathinda,Soybean,72.8,30.0,42.4,33.8,344,369,300.9,220.3,32.9
2022-02-07,Tamil Nadu,Coimbatore,Pulses,17.3,33.8,30.8,22.1,287,216,99.0,248.9,39.7
2023-04-12,Gujarat,Bhavnagar,Sugarcane,99.9,24.4,50.8,48.2,612,1742,419.1,208.9,80.6
2022-05-18,Maharashtra,Nashik,Soybean,49.8,27.3,65.8,46.1,293,242,76.2,177.1,88.8
2023-03-14,Maharashtra,Aurangabad,Maize,88.7,29.3,49.5,48.0,332,258,303.2,168.3,67.9
2023-12-27,Rajasthan,Jodhpur,Cotton,24.5,29.2,34.8,24.2,299,260,143.3,184.6,54.9
2023-07-28,Karnataka,Belgaum,Pulses,217.0,27.1,61.4,50,398,295,185.1,173.5,76.0
2023-02-10,Maharashtra,Nashik,Pulses,46.2,28.3,45.4,30.9,304,274,352.6,235.7,77.8
2023-10-05,Tamil Nadu,Tiruchirappalli,Sugarcane,76.8,33.0,66.0,50,662,1914,75.2,168.6,63.9
2022-08-02,Andhra Pradesh,Kurnool,Wheat,178.2,29.3,65.0,50,364,251,428.3,137.7,52.5
2022-07-11,Tamil Nadu,Madras,Groundnut,181.2,28.0,80.9,50,383,275,236.2,164.5,44.3
2023-06-22,Rajasthan,Udaipur,Cotton,131.4,28.3,58.4,50,354,256,61.2,162.1,60.0
2023-06-21,Punjab,Jalandhar,Soybean,132.8,28.2,64.8,50,428,432,496.7,114.9,32.2
2022-01-05,Madhya Pradesh,Ujjain,Rice,25.5,36.5,31.1,26.2,364,518,96.4,210.3,74.7
2023-10-17,Karnataka,Shimoga,Maize,111.4,25.9,49.6,44.2,342,330,102.9,105.4,46.4
2022-07-31,Karnataka,Shimoga,Rice,172.2,24.2,71.5,50,542,651,127.1,132.9,83.5
2022-01-30,Rajasthan,Jaipur,Sugarcane,33.5,29.1,46.9,28.7,548,969,318.3,180.8,80.2
2022-11-16,Rajasthan,Ajmer,Pulses,66.6,31.6,45.9,40.6,289,362,394.0,176.5,35.6
2022-11-14,Rajasthan,Jaipur,Soybean,94.8,28.7,61.3,48.3,321,391,327.6,235.2,53.5
2023-05-15,Andhra Pradesh,Guntur,Soybean,42.4,27.5,54.3,38.6,284,330,322.0,101.7,36.2
2022-11-06,Maharashtra,Nashik,Rice,82.6,28.1,52.0,44.8,437,648,222.7,137.9,78.8
2023-07-12,Madhya Pradesh,Gwalior,Pulses,198.0,27.4,60.2,50,437,525,101.4,181.3,49.5
2022-11-12,Maharashtra,Aurangabad,Sugarcane,116.5,25.1,42.1,45.9,700,1454,272.4,192.2,35.4
2022-05-31,Tamil Nadu,Madras,Wheat,92.9,26.9,53.6,47.3,352,255,444.8,131.0,77.7
2022-04-02,Gujarat,Rajkot,Pulses,86.6,29.1,58.3,50,386,285,455.5,244.5,30.1
2022-02-01,Andhra Pradesh,Visakhapatnam,Maize,21.8,31.9,47.6,30.0,295,274,295.3,192.6,58.5
2023-01-04,Punjab,Bathinda,Groundnut,52.0,38.0,33.9,29.8,286,213,57.1,202.6,59.2
2022-05-21,Madhya Pradesh,Indore,Rice,91.4,28.6,52.5,48.1,452,496,130.9,166.6,63.1
2022-08-20,Rajasthan,Kota,Pulses,111.6,26.6,73.1,50,333,333,234.9,172.8,52.0
2023-12-23,Karnataka,Shimoga,Soybean,28.4,37.6,44.5,26.8,337,342,436.7,207.6,46.8
2022-09-09,Maharashtra,Kolhapur,Rice,160.3,29.7,77.3,50,511,694,190.6,89.0,50.6
2023-06-09,Karnataka,Gulbarga,Soybean,234.0,24.7,72.2,50,488,428,125.4,198.2,65.9
2022-03-04,Gujarat,Bhavnagar,Maize,90.3,29.7,57.3,49.5,326,372,62.3,162.4,37.6
2022-05-16,Maharashtra,Nashik,Maize,89.3,26.6,48.3,44.8,360,449,382.5,192.1,52.2
2023-05-12,Tamil Nadu,Salem,Cotton,54.5,24.3,55.8,46.5,329,262,419.8,222.4,75.2
2023-11-08,Madhya Pradesh,Gwalior,Cotton,75.2,26.1,59.1,49.1,275,226,390.0,99.7,40.1
2023-05-03,Madhya Pradesh,Gwalior,Maize,99.7,29.3,62.6,50,377,371,115.3,227.9,30.7
2023-06-27,Rajasthan,Kota,Pulses,196.1,29.3,56.2,50,463,444,463.1,225.9,50.1
2023-11-02,Gujarat,Ahmedabad,Maize,86.7,30.8,53.8,42.7,366,425,284.0,195.2,89.6
2023-11-20,Andhra Pradesh,Kurnool,Wheat,40.7,28.1,42.0,31.6,345,280,376.4,122.8,32.0
2023-09-06,Maharashtra,Pune,Cotton,188.5,23.0,76.2,50,298,247,455.0,176.2,88.0
2022-10-29,Maharashtra,Nagpur,Maize,77.4,30.4,68.1,50,317,303,456.5,210.9,49.4
2022-03-05,Tamil Nadu,Coimbatore,Maize,70.6,24.6,50.0,45.1,311,300,271.3,237.9,66.6
2022-05-28,Tamil Nadu,Tiruchirappalli,Rice,83.3,30.1,52.9,40.3,424,416,65.7,92.0,73.7
2022-06-02,Rajasthan,Jaipur,Soybean,191.0,22.3,55.0,50,371,333,226.1,80.6,72.5
2023-02-18,Rajasthan,Kota,Groundnut,52.2,35.9,49.5,37.9,272,346,418.1,162.0,64.0
2023-02-15,Andhra Pradesh,Guntur,Maize,12.8,34.5,54.9,33.5,342,309,428.5,209.3,47.4
2023-01-29,Punjab,Amritsar,Wheat,43.0,31.9,37.5,25.0,347,309,448.3,154.5,41.4
2023-08-31,Karnataka,Mysore,Wheat,120.5,28.3,66.7,50,370,436,415.3,244.3,31.0
2022-02-13,Andhra Pradesh,Visakhapatnam,Pulses,30.3,34.5,35.3,26.0,362,442,291.5,206.0,44.0
2023-05-16,Maharashtra,Pune,Sugarcane,92.3,33.2,54.1,41.8,663,1124,127.5,88.5,48.4
2023-08-29,Maharashtra,Aurangabad,Sugarcane,90.9,22.9,79.5,50,648,1033,141.2,137.3,80.2
2023-12-02,Madhya Pradesh,Jabalpur,Rice,38.8,36.4,33.4,28.8,430,523,201.0,100.5,38.5
2023-07-21,Madhya Pradesh,Indore,Pulses,108.1,26.7,62.3,49.9,392,423,219.3,106.8,82.8
2022-07-03,Maharashtra,Pune,Wheat,237.4,26.7,76.2,50,444,477,264.2,101.6,38.6
2023-02-26,Gujarat,Bhavnagar,Soybean,22.0,34.9,34.4,24.9,332,354,89.6,220.5,48.1
2022-07-16,Madhya Pradesh,Bhopal,Cotton,100.0,22.8,70.9,50,326,251,148.7,211.0,69.6
2022-04-26,Gujarat,Ahmedabad,Cotton,103.7,33.7,60.6,50,269,225,69.4,189.6,47.1
2023-09-24,Madhya Pradesh,Jabalpur,Pulses,216.9,22.3,77.8,50,472,380,403.5,162.5,37.0
2023-03-06,Punjab,Patiala,Pulses,55.9,27.3,60.3,47.4,309,234,382.0,227.9,52.5
2023-08-23,Punjab,Ludhiana,Soybean,162.3,23.2,81.7,50,387,361,111.4,202.4,67.9
2022-05-11,Gujarat,Surat,Pulses,42.6,26.8,57.1,36.8,317,301,392.2,117.4,47.7
2023-08-15,Tamil Nadu,Madras,Sugarcane,244.9,22.7,80.7,50,700,2431,316.2,222.3,46.8
2022-12-02,Madhya Pradesh,Indore,Cotton,31.7,37.3,35.6,30.6,314,298,238.0,87.5,89.5
2023-05-06,Karnataka,Gulbarga,Groundnut,104.8,25.0,60.9,50,312,359,361.9,149.1,43.1
2023-10-26,Andhra Pradesh,Guntur,Cotton,119.9,30.7,40.5,38.9,304,239,312.6,246.0,57.8
2023-01-15,Tamil Nadu,Tiruchirappalli,Sugarcane,41.3,28.0,47.6,36.0,551,1397,288.9,130.4,75.2
2022-02-26,Punjab,Ludhiana,Pulses,35.7,31.6,52.8,32.6,304,298,68.4,142.3,68.9
2022-05-22,Maharashtra,Kolhapur,Cotton,118.5,25.1,47.2,45.9,351,277,481.6,115.7,74.7
2022-10-01,Punjab,Jalandhar,Pulses,80.3,24.5,52.7,42.4,338,338,423.3,159.9,61.9
2023-11-21,Gujarat,Rajkot,Pulses,115.6,33.4,64.3,50,407,397,86.1,232.7,47.3
2022-10-10,Maharashtra,Pune,Sugarcane,49.0,25.5,44.4,31.0,651,999,237.4,196.0,85.9
2023-03-31,Rajasthan,Udaipur,Groundnut,99.0,25.9,40.6,34.4,388,466,283.8,137.1,64.7
2023-04-14,Andhra Pradesh,Tirupati,Soybean,64.3,31.9,44.0,32.8,307,304,486.8,210.9,32.8
2022-06-20,Andhra Pradesh,Guntur,Soybean,185.2,26.3,59.8,50,370,416,457.1,215.1,39.7
2023-08-12,Maharashtra,Pune,Pulses,101.5,23.5,62.8,50,305,272,204.7,143.4,62.4
2022-05-05,Tamil Nadu,Madras,Maize,113.6,29.0,52.1,44.8,359,320,51.9,205.5,88.5
2022-10-24,Andhra Pradesh,Guntur,Soybean,117.6,33.9,62.6,50,399,454,465.0,137.6,36.7
2023-11-26,Rajasthan,Jaipur,Sugarcane,84.1,28.0,49.2,45.5,612,1003,74.8,189.0,65.0
2022-01-24,Punjab,Jalandhar,Cotton,14.2,34.8,51.2,37.4,313,218,270.7,182.5,60.7
2022-06-01,Karnataka,Belgaum,Groundnut,201.7,25.1,67.8,50,399,353,250.5,175.4,42.9
2022-10-23,Rajasthan,Kota,Soybean,53.1,33.0,61.8,47.3,317,381,319.1,104.4,48.2
2022-04-01,Andhra Pradesh,Visakhapatnam,Groundnut,40.5,26.7,59.2,38.3,315,328,461.7,113.9,79.9
2022-02-13,Gujarat,Bhavnagar,Soybean,51.1,33.9,37.5,30.1,352,294,406.0,106.2,48.0
2023-03-04,Rajasthan,Jaipur,Maize,54.3,30.4,67.2,43.7,357,356,486.8,181.8,51.7
2022-09-22,Rajasthan,Ajmer,Groundnut,186.8,27.6,69.3,50,408,426,430.4,107.7,33.5
2023-01-01,Andhra Pradesh,Tirupati,Sugarcane,18.2,32.2,36.8,28.9,519,1004,288.3,239.2,60.8
2023-07-11,Tamil Nadu,Coimbatore,Sugarcane,134.8,28.8,64.5,50,645,1643,213.1,170.9,51.1
2023-06-15,Tamil Nadu,Coimbatore,Sugarcane,127.8,25.3,78.4,50,619,1131,276.5,221.4,77.7
2022-03-20,Maharashtra,Aurangabad,Soybean,49.3,24.2,43.9,32.2,346,271,248.9,247.9,61.4
2022-01-30,Andhra Pradesh,Vijayawada,Maize,47.2,29.3,33.0,28.8,344,304,144.4,246.8,55.5
2023-05-11,Maharashtra,Pune,Wheat,100.6,25.1,41.3,42.8,361,229,103.5,123.0,34.0
2023-09-09,Karnataka,Bangalore,Rice,114.9,23.5,82.0,50,404,562,473.8,241.3,50.9
2023-06-02,Tamil Nadu,Madras,Cotton,176.9,26.6,58.0,50,302,200,176.8,233.3,62.2
2023-01-11,Maharashtra,Nagpur,Soybean,44.9,34.7,34.6,23.6,359,463,240.8,167.4,54.5
2022-04-23,Andhra Pradesh,Visakhapatnam,Soybean,81.6,27.6,54.9,43.1,368,276,272.2,145.4,57.4
2023-07-22,Gujarat,Rajkot,Cotton,149.2,25.4,84.5,50,359,324,472.6,142.5,30.8
2023-03-25,Rajasthan,Jaipur,Groundnut,81.8,25.2,60.3,47.4,366,471,383.6,231.7,40.1
2022-07-25,Andhra Pradesh,Vijayawada,Pulses,181.1,23.0,84.7,50,428,371,371.1,178.9,46.4
2023-11-14,Madhya Pradesh,Jabalpur,Soybean,88.3,28.8,52.1,42.3,377,288,162.8,164.5,67.7
2022-02-24,Tamil Nadu,Coimbatore,Rice,51.5,28.3,42.5,30.0,420,432,186.2,185.9,75.6
2022-10-28,Rajasthan,Kota,Cotton,93.0,26.6,54.7,45.2,333,258,478.7,85.4,55.8
2022-11-19,Maharashtra,Aurangabad,Soybean,108.2,24.4,53.3,45.0,377,440,448.1,107.9,55.8
2022-04-23,Gujarat,Rajkot,Soybean,85.5,29.5,54.7,46.0,343,356,120.3,89.5,45.8
2022-10-19,Madhya Pradesh,Ujjain,Pulses,65.6,24.5,40.8,37.7,318,364,62.1,231.5,50.5
2023-01-01,Maharashtra,Aurangabad,Pulses,30.6,30.4,31.4,20.8,293,220,359.6,227.7,36.9
2022-02-08,Tamil Nadu,Coimbatore,Pulses,33.0,33.7,51.6,39.9,289,323,314.6,247.6,52.7
2023-05-16,Madhya Pradesh,Jabalpur,Rice,48.0,27.4,60.3,43.4,438,455,326.7,141.8,56.2
2022-10-22,Rajasthan,Jaipur,Cotton,61.2,29.7,48.9,41.6,297,291,373.0,178.3,65.5
2023-03-14,Gujarat,Ahmedabad,Soybean,56.8,30.5,63.9,44.9,363,348,293.0,114.0,54.1
2022-01-20,Rajasthan,Ajmer,Sugarcane,41.4,29.9,42.9,31.9,595,1628,472.1,125.5,68.3
2023-06-19,Madhya Pradesh,Ujjain,Wheat,114.1,23.9,68.9,50,388,429,234.6,226.2,84.7
2022-10-21,Punjab,Patiala,Maize,91.7,30.0,47.7,41.4,308,251,160.5,220.6,57.8
2022-07-26,Madhya Pradesh,Gwalior,Wheat,107.1,24.1,59.1,50,376,265,433.6,243.8,59.2
2022-11-18,Karnataka,Bangalore,Rice,88.1,33.0,66.0,50,418,527,90.6,240.3,73.5
2023-08-08,Tamil Nadu,Madurai,Rice,204.9,26.2,83.0,50,587,852,163.3,230.4,44.3
2023-08-22,Maharashtra,Nashik,Pulses,205.3,28.0,79.2,50,387,296,146.3,126.7,54.5
2023-12-18,Karnataka,Gulbarga,Pulses,57.4,32.2,37.9,33.2,380,467,471.6,141.7,72.9
2023-11-10,Gujarat,Ahmedabad,Wheat,103.9,33.2,41.6,42.3,342,284,337.5,199.1,84.2
2023-03-30,Maharashtra,Kolhapur,Cotton,71.1,27.9,67.3,50,264,200,420.2,120.0,42.6
2023-10-22,Tamil Nadu,Tiruchirappalli,Pulses,72.5,32.7,41.0,38.7,387,380,235.8,223.0,73.0
2023-06-03,Maharashtra,Nagpur,Maize,91.3,27.8,67.6,50,331,370,392.9,189.0,41.0
2023-02-15,Rajasthan,Jodhpur,Wheat,20.0,33.8,37.6,21.7,300,308,395.4,190.4,37.8
2023-05-05,Madhya Pradesh,Jabalpur,Soybean,109.9,25.7,44.0,43.8,342,297,88.0,142.5,53.6
2022-01-22,Madhya Pradesh,Ujjain,Cotton,57.4,34.5,53.1,41.7,324,320,139.2,199.2,40.1
2023-09-07,Madhya Pradesh,Ujjain,Groundnut,124.2,24.9,57.7,50,327,370,245.8,236.4,57.2
2024-01-01,Rajasthan,Jaipur,Cotton,20.2,36.1,53.7,32.9,293,202,244.1,115.1,42.9
2022-07-04,Gujarat,Surat,Groundnut,149.4,24.3,59.4,50,398,495,216.3,196.3,57.5
2022-11-28,Karnataka,Gulbarga,Sugarcane,118.0,26.1,51.9,47.7,649,1555,82.9,174.7,33.1
2023-09-13,Punjab,Patiala,Pulses,239.7,26.8,84.0,50,389,332,328.8,131.4,53.7
2023-08-18,Andhra Pradesh,Vijayawada,Wheat,110.5,25.9,60.1,50,363,237,369.6,153.6,45.6
2023-05-27,Andhra Pradesh,Visakhapatnam,Sugarcane,109.7,31.5,65.0,50,617,1737,325.8,209.5,45.8
2022-11-20,Andhra Pradesh,Tirupati,Sugarcane,98.9,33.5,54.7,48.2,700,1733,248.0,112.1,33.3
2022-09-24,Tamil Nadu,Coimbatore,Soybean,107.8,22.9,69.0,50,359,346,495.0,175.3,57.5
2022-12-24,Maharashtra,Nagpur,Rice,14.7,29.8,51.7,29.9,378,375,450.9,179.6,65.0
2023-03-03,Karnataka,Shimoga,Sugarcane,113.6,29.0,47.4,41.4,629,1212,491.6,100.7,52.4
2022-01-30,Maharashtra,Nashik,Sugarcane,14.1,34.6,50.8,32.1,610,1459,52.6,244.9,69.4
2022-08-05,Rajasthan,Udaipur,Sugarcane,226.8,24.3,79.0,50,700,1929,321.0,95.7,45.3
2022-01-22,Punjab,Patiala,Rice,52.6,35.8,34.1,26.2,440,553,104.3,163.4,55.9
2023-01-03,Gujarat,Bhavnagar,Sugarcane,43.3,33.1,50.8,36.9,634,1404,303.4,151.9,75.4
2023-03-21,Andhra Pradesh,Kurnool,Sugarcane,90.5,29.1,42.8,44.0,657,1624,371.1,238.2,61.6
2023-03-24,Maharashtra,Nashik,Soybean,46.3,27.0,64.0,50,343,302,161.9,152.7,64.1
2023-06-07,Maharashtra,Pune,Rice,152.2,27.3,57.8,50,455,445,86.8,165.6,36.8
2023-02-07,Rajasthan,Jodhpur,Sugarcane,12.3,35.0,40.4,24.2,571,1505,252.5,217.3,50.5
2022-03-22,Tamil Nadu,Madurai,Sugarcane,99.8,32.7,58.1,45.9,645,973,102.5,109.2,58.6
2022-11-07,Madhya Pradesh,Ujjain,Soybean,89.5,27.6,69.2,50,370,347,186.2,101.3,30.8
2022-01-28,Maharashtra,Pune,Cotton,20.5,34.5,46.2,30.2,281,251,135.9,131.2,57.8
2022-04-30,Rajasthan,Kota,Wheat,53.3,31.0,44.6,39.4,334,373,313.4,114.2,64.2
2022-01-09,Madhya Pradesh,Bhopal,Pulses,15.1,32.3,51.2,32.1,304,318,379.0,249.8,32.2
2022-08-26,Madhya Pradesh,Gwalior,Soybean,201.4,25.4,70.8,50,368,455,237.7,160.5,59.7
2022-01-22,Andhra Pradesh,Tirupati,Groundnut,18.1,32.7,48.2,31.0,307,323,358.2,236.7,81.2
2023-12-30,Rajasthan,Jodhpur,Maize,29.5,37.4,40.4,30.2,297,292,486.9,107.5,42.4
2022-06-27,Maharashtra,Aurangabad,Sugarcane,113.9,22.8,73.2,50,700,1439,144.2,88.0,31.1
2022-06-28,Gujarat,Vadodara,Sugarcane,220.8,22.3,81.8,50,700,1878,104.3,118.1,45.5
2023-07-25,Andhra Pradesh,Guntur,Wheat,125.5,27.5,59.5,50,386,395,467.0,154.4,57.4
2023-07-30,Maharashtra,Pune,Rice,87.1,27.0,58.2,50,488,444,181.5,155.1,60.4
2022-12-09,Maharashtra,Nagpur,Pulses,51.0,30.0,33.1,32.2,355,250,425.7,160.5,47.2
2023-01-17,Tamil Nadu,Coimbatore,Maize,45.8,34.3,40.4,28.6,350,356,404.2,103.5,55.7
2022-01-31,Madhya Pradesh,Gwalior,Pulses,32.1,35.2,49.3,34.6,267,241,230.7,211.3,56.0
2023-08-12,Madhya Pradesh,Bhopal,Sugarcane,89.8,27.7,73.9,50,631,1226,230.9,195.7,63.2
2022-01-09,Gujarat,Vadodara,Pulses,51.4,34.1,52.5,35.7,315,342,449.4,186.1,67.1
2022-07-22,Rajasthan,Udaipur,Groundnut,229.8,26.3,57.5,50,457,561,284.2,171.9,42.8
2023-10-13,Gujarat,Bhavnagar,Pulses,52.8,32.0,40.8,33.3,298,347,376.9,247.8,36.6
2023-10-05,Karnataka,Belgaum,Maize,80.6,31.6,43.7,42.7,338,353,52.3,137.6,44.2
2022-10-19,Punjab,Jalandhar,Maize,93.4,29.7,64.5,49.1,338,386,97.4,167.8,41.6
2022-05-31,Andhra Pradesh,Tirupati,Rice,96.9,24.8,64.9,49.1,493,559,250.8,142.8,61.6
2023-10-14,Madhya Pradesh,Jabalpur,Soybean,73.9,33.3,53.2,42.9,391,467,115.0,101.6,72.7
2023-12-13,Tamil Nadu,Madras,Rice,20.6,35.5,41.8,32.6,364,534,320.7,149.5,37.3
2022-05-01,Gujarat,Ahmedabad,Sugarcane,69.7,27.0,69.7,50,650,1114,315.3,88.3,83.7
2023-05-16,Gujarat,Surat,Sugarcane,40.2,24.7,56.4,35.3,565,1110,253.6,137.4,52.6
2023-04-06,Tamil Nadu,Madurai,Soybean,93.4,31.3,44.5,36.6,365,392,224.3,233.0,50.3
2023-10-24,Karnataka,Gulbarga,Maize,47.1,24.2,45.0,35.4,353,313,340.3,189.5,35.1
2023-05-03,Karnataka,Shimoga,Cotton,80.2,30.6,40.6,36.7,338,215,142.6,221.0,80.3
2023-02-16,Rajasthan,Jaipur,Pulses,39.4,37.3,42.3,29.7,283,202,287.6,144.9,35.5
2022-10-20,Maharashtra,Kolhapur,Sugarcane,51.5,24.9,47.7,34.4,567,994,326.5,135.3,31.6
2022-04-12,Karnataka,Belgaum,Groundnut,65.6,27.2,52.4,40.0,370,286,141.2,207.9,65.2
2022-04-28,Rajasthan,Ajmer,Groundnut,61.5,29.5,49.6,34.6,280,302,461.2,83.2,63.2
2022-11-08,Maharashtra,Nagpur,Sugarcane,85.5,32.5,53.4,44.9,668,1145,293.2,108.6,44.7
2022-02-12,Madhya Pradesh,Ujjain,Soybean,10.1,36.3,41.6,24.4,353,247,470.1,162.0,65.9
2023-08-23,Madhya Pradesh,Jabalpur,Cotton,222.9,23.3,63.4,50,306,200,364.3,221.2,73.5
2023-09-18,Gujarat,Rajkot,Cotton,165.8,29.1,79.1,50,340,337,368.5,126.4,69.7
2023-04-16,Andhra Pradesh,Guntur,Cotton,116.7,33.1,49.9,43.8,349,281,51.9,81.6,40.4
2023-10-27,Rajasthan,Kota,Rice,92.1,32.9,56.2,50,432,383,487.4,144.0,66.1
2022-05-08,Madhya Pradesh,Indore,Wheat,77.0,28.4,68.1,49.6,310,238,464.6,140.8,35.4
2023-05-21,Gujarat,Surat,Cotton,117.4,28.9,41.1,44.3,318,200,492.9,188.5,36.7
2022-06-24,Gujarat,Bhavnagar,Soybean,173.8,26.5,74.8,50,406,300,107.7,91.1,45.6
2022-07-16,Punjab,Bathinda,Maize,224.1,29.8,55.7,50,442,490,447.4,80.3,55.6
2023-02-21,Karnataka,Belgaum,Groundnut,23.7,32.7,47.0,30.4,338,416,151.0,127.2,55.2
2023-02-06,Rajasthan,Udaipur,Wheat,19.7,33.7,32.0,17.4,339,402,240.7,92.7,45.0
2022-03-06,Tamil Nadu,Salem,Maize,90.1,28.8,42.9,42.3,359,386,200.4,122.6,36.5
2022-12-08,Punjab,Jalandhar,Wheat,36.0,28.7,35.9,27.9,323,212,250.9,101.2,88.5
2023-12-12,Karnataka,Gulbarga,Pulses,13.3,37.2,33.2,21.3,281,302,79.6,195.2,63.6
2022-04-09,Gujarat,Rajkot,Groundnut,89.4,32.6,52.3,47.7,362,352,258.9,152.8,67.2
2023-04-10,Maharashtra,Nashik,Wheat,81.4,25.1,57.6,41.9,368,352,428.4,233.7,37.6
2023-05-08,Gujarat,Vadodara,Groundnut,98.0,26.4,53.3,49.7,305,271,246.1,243.2,75.3
2022-05-31,Gujarat,Bhavnagar,Sugarcane,77.6,26.9,58.1,50,616,1532,115.1,120.4,79.2
2022-07-20,Karnataka,Gulbarga,Pulses,246.0,23.6,74.2,50,408,402,361.3,159.5,71.5
2023-03-05,Andhra Pradesh,Kurnool,Maize,66.3,32.8,43.1,39.9,334,418,337.4,197.8,58.0
2022-12-06,Punjab,Amritsar,Soybean,50.4,32.0,39.4,34.5,271,200,211.0,174.3,38.5
2022-02-14,Rajasthan,Jodhpur,Pulses,58.8,30.8,35.0,27.0,304,245,431.4,121.8,41.8
2022-01-22,Tamil Nadu,Salem,Rice,51.6,34.5,33.4,31.6,385,365,255.3,142.8,52.3
2023-12-30,Tamil Nadu,Madras,Groundnut,13.3,37.2,33.6,25.1,269,249,218.4,181.9,88.6
2023-07-03,Punjab,Ludhiana,Cotton,130.0,24.0,59.5,50,290,200,278.7,179.3,59.3
2022-06-21,Maharashtra,Aurangabad,Rice,166.5,27.2,77.5,50,498,560,194.8,143.6,71.7
2023-08-19,Rajasthan,Kota,Maize,148.2,26.7,82.6,50,353,290,438.4,147.3,48.4
