Comparison,Measure,Test,n₁,n₂,U,p-value,Effect r,Cohen's d,Interpretation
C1 vs C2,Task Duration,Mann-Whitney U,8,8,32.0,0.52,0.0,-0.141,Not significant
C1 vs C2,Comprehension,Mann-Whitney U,8,8,24.0,0.221,0.25,0.564,Not significant
C1 vs C2,Trust,Mann-Whitney U,8,8,31.5,0.48,0.016,0.0,Not significant
C1 vs C2,SUS,Mann-Whitney U,8,8,24.0,0.221,0.25,0.319,Not significant
C1 vs C3,Task Duration,Mann-Whitney U,8,8,32.0,0.52,0.0,-0.141,Not significant
C1 vs C3,Comprehension,Mann-Whitney U,8,8,24.0,0.221,0.25,0.564,Not significant
C1 vs C3,Trust,Mann-Whitney U,8,8,31.5,0.48,0.016,0.0,Not significant
C1 vs C3,SUS,Mann-Whitney U,8,8,24.0,0.221,0.25,0.319,Not significant
C2 vs C3,Task Duration,Wilcoxon signed-rank,8,—,N/A,N/A,N/A,N/A,Invalid (identical data)
C1 vs C2+C3,Task Duration,Mann-Whitney U,8,16,64.0,1.0,0.0,-0.127,Not significant
C1 vs C2+C3,Comprehension,Mann-Whitney U,8,16,48.0,0.327,0.25,0.616,Not significant
C1 vs C2+C3,Trust,Mann-Whitney U,8,16,63.0,0.951,0.016,0.0,Not significant
C1 vs C2+C3,SUS,Mann-Whitney U,8,16,48.0,0.327,0.25,0.362,Not significant
